Facility (Host_description), Count
AGLT2,2040
AMNH,140
ASU Research Computing,626
BEIJING-LCG2,1010
BEgrid-ULB-VUB,5143
BNL-SDCC,191
BUDAPEST,1129
Baylor University,1053
BelGrid-UCL,4102
Bellarmine University,740
Bridges,550
Brookhaven ATLAS Tier1,1265
CCHDV,63
CCMINNE,124
CCRnD,61
CERN-PROD,4505
CHPC,647
CHTC,473
CIEMAT-LCG2,4667
CMSHTPC_T2_US_UMD_SIAB,5
CSCS-LCG2,823
Caltech CMS Tier2,7050
Cedar,17
Clemson IT,926
Comet,163
DESY,1635
DESY-HH,3818
DESY-ZN,1029
FIU HPC,293
FI_HIP_T2,598
FNAL USCMS Tier1,8506
FZK-LCG2,5035
FZU,557
FermiGrid,15909
GLOW,9097
GLUEX_US_FSU_HNPGRID,768
GR-07-UOI-HEPLAB,506
GRIF,5063
GZK,154
Georgia Tech,77
Glow_US_Syracuse_condor-ce3_rhel6,2
Hephy-Vienna,982
ICM,538
IFCA-LCG2,1018
IIT - Illinois Institute of Technology,2896
IN2P3-CC,4437
IN2P3-CC-T2,4133
IN2P3-IPNL,692
IN2P3-IRES,4330
INDIACMS-TIFR,879
INFN-BARI,5131
INFN-LNL-2,5726
INFN-PISA,4815
INFN-ROMA1-CMS,250
INFN-T1,6095
INFN-TRIESTE,736
ITEP,671
Illume,647
Information Sciences Institute,991
JINR-LCG2,2729
JINR-T1,6532
JINR_Cloud,94
JINR_NOVA_CE1,63
JINR_NOVA_CE2,60
KR-KISTI-GSDC-02,200
KR-KNU-T3,714
Kharkov-KIPT-LCG2,1194
LIDO_Dortmund,391
LIGO-CIT-CE,104
LIGO-WA-CE,85
LIGO_US_LSU_QB2,2
LIGO_US_LSU_SuperMIC,127
MIT CMS,6593
MSU,71
MWT2 ATLAS UC,9270
Marquette,828
N/A,943
NBI,286
NCBJ-CIS,2725
NCG-INGRID-PT,1290
NCP-LCG2,851
NERSC,445
NIKHEF-ELPROD,465
NWICG_NDCMS,5225
Nebraska-CMS,10167
Nebraska-Omaha,1279
New Mexico State AggieGrid,38
New Mexico State Discovery,614
OSC,9
OSG-Rice,399
OSG_US_GSU_ACORE,438
OSG_US_WSU_GRID_ce2,152
PSC,162
PSC Bridges,226
PSC-Bridges,19
PSC_Bridges,10
Purdue CMS,11288
RAL-LCG2,6312
RU-Protvino-IHEP,458
RWTH-Aachen,4388
Ru-Troitsk-INR-LCG2,484
SDSC,6
SDSC Comet,1164
SDSC-PRP,535
SDSCCompInfrastructure,12
SDSC_Comet,25
SPRACE,2677
SU ITS,9011
SUBMIT.MIT.EDU,5
SURFsara,180
SWT2 ATLAS UTA,15
T2B_BE_IIHE,534
T2_BR_UERJ,35
T2_CH_CERN_HLT,5068
T2_Estonia,310
T3_IN_TIFRCloud,524
T3_IT_Opportunistic,11
T3_UK_Opportunistic,78
T3_US_HEPCloud,4
T3_US_HEPCloud_AWS,31
T3_US_HEPCloud_Google,26
T3_US_NERSC,4823
T3_US_PSC,1437
T3_US_TACC,1265
TACC,117
TR-03-METU,494
TUM,21
TW-NCHC,1644
TW-NCUHEP,70
TW-NTU-HEP,632
UCI,48
UCSD,27
UCSD CMS Tier2,8233
UCSD_GlideinWMS,251
UColorado_HEP,6640
UConn-OSG,1353
UF HPC,4629
UKI-LT2-Brunel,4031
UKI-LT2-IC-HEP,3998
UKI-LT2-QMUL,276
UKI-LT2-RHUL,474
UKI-NORTHGRID-LANCS-HEP,70
UKI-NORTHGRID-LIV-HEP,273
UKI-NORTHGRID-MAN-HEP,580
UKI-NORTHGRID-SHEF-HEP,40
UKI-SCOTGRID-ECDF,86
UKI-SCOTGRID-GLASGOW,258
UKI-SOUTHGRID-BRIS-HEP,3157
UKI-SOUTHGRID-OX-HEP,1111
UKI-SOUTHGRID-RALPP,6333
UMD,1332
UMD-CMS,429
UMD_SIAB,374
UMissHEP,547
UPRM_HEP,1553
University of South Florida,306
Vanderbilt ACCRE,7089
WEIZMANN-LCG2,28
WIPAC,1072
aachen,220
amundsen.grid.uchicago.edu,56
bigmem-worker-1.grid.uchicago.edu,4
c251-102.wrangler.tacc.utexas.edu,5
c251-103.wrangler.tacc.utexas.edu,5
c251-104.wrangler.tacc.utexas.edu,5
c251-105.wrangler.tacc.utexas.edu,6
c251-106.wrangler.tacc.utexas.edu,5
c251-107.wrangler.tacc.utexas.edu,6
c251-108.wrangler.tacc.utexas.edu,5
c251-109.wrangler.tacc.utexas.edu,6
c251-110.wrangler.tacc.utexas.edu,6
c251-111.wrangler.tacc.utexas.edu,6
c251-112.wrangler.tacc.utexas.edu,6
c251-113.wrangler.tacc.utexas.edu,5
c251-114.wrangler.tacc.utexas.edu,5
c251-115.wrangler.tacc.utexas.edu,5
c251-117.wrangler.tacc.utexas.edu,4
c251-118.wrangler.tacc.utexas.edu,6
c251-119.wrangler.tacc.utexas.edu,6
c251-120.wrangler.tacc.utexas.edu,5
c251-121.wrangler.tacc.utexas.edu,5
c251-122.wrangler.tacc.utexas.edu,2
c251-123.wrangler.tacc.utexas.edu,6
c251-124.wrangler.tacc.utexas.edu,2
c251-125.wrangler.tacc.utexas.edu,6
c251-126.wrangler.tacc.utexas.edu,5
c251-127.wrangler.tacc.utexas.edu,4
c251-128.wrangler.tacc.utexas.edu,6
c251-129.wrangler.tacc.utexas.edu,5
c251-130.wrangler.tacc.utexas.edu,5
c251-132.wrangler.tacc.utexas.edu,6
c251-133.wrangler.tacc.utexas.edu,5
c251-134.wrangler.tacc.utexas.edu,4
c251-135.wrangler.tacc.utexas.edu,4
c251-136.wrangler.tacc.utexas.edu,6
c251-137.wrangler.tacc.utexas.edu,5
c251-138.wrangler.tacc.utexas.edu,6
c252-101.wrangler.tacc.utexas.edu,6
c252-102.wrangler.tacc.utexas.edu,6
c252-103.wrangler.tacc.utexas.edu,6
c252-104.wrangler.tacc.utexas.edu,5
c252-105.wrangler.tacc.utexas.edu,4
c252-106.wrangler.tacc.utexas.edu,4
c252-107.wrangler.tacc.utexas.edu,4
c252-108.wrangler.tacc.utexas.edu,3
c252-109.wrangler.tacc.utexas.edu,3
c252-110.wrangler.tacc.utexas.edu,3
c252-111.wrangler.tacc.utexas.edu,3
c252-112.wrangler.tacc.utexas.edu,3
c252-113.wrangler.tacc.utexas.edu,3
c252-114.wrangler.tacc.utexas.edu,3
c252-115.wrangler.tacc.utexas.edu,1
c252-116.wrangler.tacc.utexas.edu,3
c252-117.wrangler.tacc.utexas.edu,3
c252-118.wrangler.tacc.utexas.edu,3
c252-119.wrangler.tacc.utexas.edu,3
c252-120.wrangler.tacc.utexas.edu,3
c252-121.wrangler.tacc.utexas.edu,3
c252-123.wrangler.tacc.utexas.edu,3
c252-124.wrangler.tacc.utexas.edu,3
c252-125.wrangler.tacc.utexas.edu,5
c252-126.wrangler.tacc.utexas.edu,4
c252-127.wrangler.tacc.utexas.edu,4
c252-128.wrangler.tacc.utexas.edu,5
c252-129.wrangler.tacc.utexas.edu,4
c252-130.wrangler.tacc.utexas.edu,4
c252-131.wrangler.tacc.utexas.edu,4
c252-132.wrangler.tacc.utexas.edu,4
c252-133.wrangler.tacc.utexas.edu,4
c252-134.wrangler.tacc.utexas.edu,4
c252-135.wrangler.tacc.utexas.edu,4
c252-136.wrangler.tacc.utexas.edu,4
c252-137.wrangler.tacc.utexas.edu,4
c252-138.wrangler.tacc.utexas.edu,4
c252-139.wrangler.tacc.utexas.edu,4
c401-001.stampede2.tacc.utexas.edu,4
c401-002.stampede2.tacc.utexas.edu,5
c401-004.stampede2.tacc.utexas.edu,4
c401-011.stampede2.tacc.utexas.edu,3
c401-013.stampede2.tacc.utexas.edu,1
c401-014.stampede2.tacc.utexas.edu,2
c401-021.stampede2.tacc.utexas.edu,4
c401-023.stampede2.tacc.utexas.edu,3
c401-031.stampede2.tacc.utexas.edu,2
c401-032.stampede2.tacc.utexas.edu,4
c401-033.stampede2.tacc.utexas.edu,2
c401-034.stampede2.tacc.utexas.edu,1
c401-041.stampede2.tacc.utexas.edu,2
c401-042.stampede2.tacc.utexas.edu,1
c401-043.stampede2.tacc.utexas.edu,4
c401-044.stampede2.tacc.utexas.edu,5
c401-052.stampede2.tacc.utexas.edu,4
c401-053.stampede2.tacc.utexas.edu,2
c401-054.stampede2.tacc.utexas.edu,1
c401-061.stampede2.tacc.utexas.edu,4
c401-062.stampede2.tacc.utexas.edu,2
c401-063.stampede2.tacc.utexas.edu,1
c401-064.stampede2.tacc.utexas.edu,4
c401-071.stampede2.tacc.utexas.edu,3
c401-072.stampede2.tacc.utexas.edu,2
c401-073.stampede2.tacc.utexas.edu,4
c401-074.stampede2.tacc.utexas.edu,2
c401-082.stampede2.tacc.utexas.edu,3
c401-083.stampede2.tacc.utexas.edu,2
c401-084.stampede2.tacc.utexas.edu,2
c401-091.stampede2.tacc.utexas.edu,3
c401-092.stampede2.tacc.utexas.edu,1
c401-093.stampede2.tacc.utexas.edu,4
c401-094.stampede2.tacc.utexas.edu,4
c401-101.stampede2.tacc.utexas.edu,3
c401-102.stampede2.tacc.utexas.edu,4
c401-104.stampede2.tacc.utexas.edu,4
c401-111.stampede2.tacc.utexas.edu,3
c401-112.stampede2.tacc.utexas.edu,4
c401-113.stampede2.tacc.utexas.edu,1
c401-114.stampede2.tacc.utexas.edu,2
c401-121.stampede2.tacc.utexas.edu,2
c401-122.stampede2.tacc.utexas.edu,3
c401-123.stampede2.tacc.utexas.edu,4
c401-124.stampede2.tacc.utexas.edu,4
c401-131.stampede2.tacc.utexas.edu,2
c401-132.stampede2.tacc.utexas.edu,1
c401-133.stampede2.tacc.utexas.edu,3
c401-134.stampede2.tacc.utexas.edu,2
c402-002.stampede2.tacc.utexas.edu,3
c402-003.stampede2.tacc.utexas.edu,2
c402-004.stampede2.tacc.utexas.edu,6
c402-011.stampede2.tacc.utexas.edu,1
c402-013.stampede2.tacc.utexas.edu,1
c402-014.stampede2.tacc.utexas.edu,2
c402-022.stampede2.tacc.utexas.edu,1
c402-023.stampede2.tacc.utexas.edu,2
c402-024.stampede2.tacc.utexas.edu,2
c402-031.stampede2.tacc.utexas.edu,3
c402-032.stampede2.tacc.utexas.edu,1
c402-033.stampede2.tacc.utexas.edu,3
c402-034.stampede2.tacc.utexas.edu,1
c402-041.stampede2.tacc.utexas.edu,1
c402-042.stampede2.tacc.utexas.edu,1
c402-043.stampede2.tacc.utexas.edu,5
c402-044.stampede2.tacc.utexas.edu,1
c402-051.stampede2.tacc.utexas.edu,1
c402-052.stampede2.tacc.utexas.edu,1
c402-053.stampede2.tacc.utexas.edu,2
c402-054.stampede2.tacc.utexas.edu,5
c402-062.stampede2.tacc.utexas.edu,1
c402-063.stampede2.tacc.utexas.edu,1
c402-071.stampede2.tacc.utexas.edu,1
c402-073.stampede2.tacc.utexas.edu,2
c402-074.stampede2.tacc.utexas.edu,1
c402-081.stampede2.tacc.utexas.edu,2
c402-082.stampede2.tacc.utexas.edu,2
c402-083.stampede2.tacc.utexas.edu,4
c402-084.stampede2.tacc.utexas.edu,1
c402-091.stampede2.tacc.utexas.edu,3
c402-092.stampede2.tacc.utexas.edu,1
c402-094.stampede2.tacc.utexas.edu,1
c402-101.stampede2.tacc.utexas.edu,2
c402-102.stampede2.tacc.utexas.edu,1
c402-103.stampede2.tacc.utexas.edu,1
c402-104.stampede2.tacc.utexas.edu,4
c402-111.stampede2.tacc.utexas.edu,1
c402-112.stampede2.tacc.utexas.edu,1
c402-113.stampede2.tacc.utexas.edu,1
c402-114.stampede2.tacc.utexas.edu,2
c402-121.stampede2.tacc.utexas.edu,4
c402-122.stampede2.tacc.utexas.edu,1
c402-124.stampede2.tacc.utexas.edu,3
c402-132.stampede2.tacc.utexas.edu,2
c402-133.stampede2.tacc.utexas.edu,1
c402-134.stampede2.tacc.utexas.edu,1
c403-001.stampede2.tacc.utexas.edu,1
c403-002.stampede2.tacc.utexas.edu,2
c403-004.stampede2.tacc.utexas.edu,2
c403-012.stampede2.tacc.utexas.edu,1
c403-013.stampede2.tacc.utexas.edu,1
c403-014.stampede2.tacc.utexas.edu,2
c403-021.stampede2.tacc.utexas.edu,2
c403-022.stampede2.tacc.utexas.edu,2
c403-023.stampede2.tacc.utexas.edu,2
c403-024.stampede2.tacc.utexas.edu,1
c403-031.stampede2.tacc.utexas.edu,1
c403-032.stampede2.tacc.utexas.edu,2
c403-043.stampede2.tacc.utexas.edu,2
c403-044.stampede2.tacc.utexas.edu,4
c403-051.stampede2.tacc.utexas.edu,2
c403-052.stampede2.tacc.utexas.edu,2
c403-053.stampede2.tacc.utexas.edu,1
c403-054.stampede2.tacc.utexas.edu,3
c403-061.stampede2.tacc.utexas.edu,1
c403-062.stampede2.tacc.utexas.edu,1
c403-063.stampede2.tacc.utexas.edu,3
c403-064.stampede2.tacc.utexas.edu,2
c403-071.stampede2.tacc.utexas.edu,3
c403-072.stampede2.tacc.utexas.edu,1
c403-073.stampede2.tacc.utexas.edu,1
c403-074.stampede2.tacc.utexas.edu,2
c403-083.stampede2.tacc.utexas.edu,2
c403-084.stampede2.tacc.utexas.edu,2
c403-091.stampede2.tacc.utexas.edu,1
c403-092.stampede2.tacc.utexas.edu,1
c403-094.stampede2.tacc.utexas.edu,2
c403-101.stampede2.tacc.utexas.edu,1
c403-103.stampede2.tacc.utexas.edu,1
c403-112.stampede2.tacc.utexas.edu,3
c403-113.stampede2.tacc.utexas.edu,1
c403-114.stampede2.tacc.utexas.edu,2
c403-121.stampede2.tacc.utexas.edu,2
c403-122.stampede2.tacc.utexas.edu,2
c403-124.stampede2.tacc.utexas.edu,2
c403-132.stampede2.tacc.utexas.edu,1
c403-134.stampede2.tacc.utexas.edu,1
c404-001.stampede2.tacc.utexas.edu,2
c404-002.stampede2.tacc.utexas.edu,2
c404-003.stampede2.tacc.utexas.edu,3
c404-004.stampede2.tacc.utexas.edu,3
c404-011.stampede2.tacc.utexas.edu,1
c404-012.stampede2.tacc.utexas.edu,3
c404-021.stampede2.tacc.utexas.edu,1
c404-022.stampede2.tacc.utexas.edu,1
c404-023.stampede2.tacc.utexas.edu,3
c404-031.stampede2.tacc.utexas.edu,2
c404-032.stampede2.tacc.utexas.edu,3
c404-033.stampede2.tacc.utexas.edu,3
c404-034.stampede2.tacc.utexas.edu,2
c404-041.stampede2.tacc.utexas.edu,3
c404-042.stampede2.tacc.utexas.edu,4
c404-043.stampede2.tacc.utexas.edu,1
c404-044.stampede2.tacc.utexas.edu,1
c404-051.stampede2.tacc.utexas.edu,1
c404-052.stampede2.tacc.utexas.edu,1
c404-061.stampede2.tacc.utexas.edu,2
c404-062.stampede2.tacc.utexas.edu,2
c404-063.stampede2.tacc.utexas.edu,1
c404-064.stampede2.tacc.utexas.edu,1
c404-071.stampede2.tacc.utexas.edu,2
c404-072.stampede2.tacc.utexas.edu,1
c404-073.stampede2.tacc.utexas.edu,1
c404-074.stampede2.tacc.utexas.edu,1
c404-082.stampede2.tacc.utexas.edu,2
c404-084.stampede2.tacc.utexas.edu,1
c404-091.stampede2.tacc.utexas.edu,1
c404-093.stampede2.tacc.utexas.edu,2
c404-094.stampede2.tacc.utexas.edu,1
c404-101.stampede2.tacc.utexas.edu,2
c404-102.stampede2.tacc.utexas.edu,2
c404-104.stampede2.tacc.utexas.edu,2
c404-111.stampede2.tacc.utexas.edu,1
c404-113.stampede2.tacc.utexas.edu,2
c404-121.stampede2.tacc.utexas.edu,1
c404-123.stampede2.tacc.utexas.edu,1
c404-124.stampede2.tacc.utexas.edu,1
c404-131.stampede2.tacc.utexas.edu,1
c404-132.stampede2.tacc.utexas.edu,1
c404-133.stampede2.tacc.utexas.edu,1
c404-134.stampede2.tacc.utexas.edu,2
c405-001.stampede2.tacc.utexas.edu,2
c405-002.stampede2.tacc.utexas.edu,2
c405-003.stampede2.tacc.utexas.edu,3
c405-004.stampede2.tacc.utexas.edu,1
c405-011.stampede2.tacc.utexas.edu,1
c405-012.stampede2.tacc.utexas.edu,1
c405-013.stampede2.tacc.utexas.edu,1
c405-014.stampede2.tacc.utexas.edu,3
c405-022.stampede2.tacc.utexas.edu,2
c405-023.stampede2.tacc.utexas.edu,2
c405-024.stampede2.tacc.utexas.edu,1
c405-031.stampede2.tacc.utexas.edu,1
c405-032.stampede2.tacc.utexas.edu,1
c405-033.stampede2.tacc.utexas.edu,1
c405-041.stampede2.tacc.utexas.edu,3
c405-042.stampede2.tacc.utexas.edu,1
c405-044.stampede2.tacc.utexas.edu,2
c405-051.stampede2.tacc.utexas.edu,1
c405-053.stampede2.tacc.utexas.edu,1
c405-062.stampede2.tacc.utexas.edu,2
c405-063.stampede2.tacc.utexas.edu,2
c405-064.stampede2.tacc.utexas.edu,5
c405-071.stampede2.tacc.utexas.edu,1
c405-072.stampede2.tacc.utexas.edu,2
c405-073.stampede2.tacc.utexas.edu,2
c405-081.stampede2.tacc.utexas.edu,2
c405-082.stampede2.tacc.utexas.edu,2
c405-083.stampede2.tacc.utexas.edu,1
c405-091.stampede2.tacc.utexas.edu,1
c405-094.stampede2.tacc.utexas.edu,1
c405-102.stampede2.tacc.utexas.edu,1
c405-103.stampede2.tacc.utexas.edu,2
c405-104.stampede2.tacc.utexas.edu,1
c405-113.stampede2.tacc.utexas.edu,3
c405-114.stampede2.tacc.utexas.edu,2
c405-121.stampede2.tacc.utexas.edu,2
c405-124.stampede2.tacc.utexas.edu,2
c405-132.stampede2.tacc.utexas.edu,1
c405-134.stampede2.tacc.utexas.edu,2
c406-001.stampede2.tacc.utexas.edu,2
c406-002.stampede2.tacc.utexas.edu,4
c406-003.stampede2.tacc.utexas.edu,2
c406-004.stampede2.tacc.utexas.edu,2
c406-011.stampede2.tacc.utexas.edu,1
c406-012.stampede2.tacc.utexas.edu,3
c406-014.stampede2.tacc.utexas.edu,2
c406-022.stampede2.tacc.utexas.edu,1
c406-023.stampede2.tacc.utexas.edu,1
c406-031.stampede2.tacc.utexas.edu,1
c406-033.stampede2.tacc.utexas.edu,1
c406-041.stampede2.tacc.utexas.edu,3
c406-043.stampede2.tacc.utexas.edu,1
c406-044.stampede2.tacc.utexas.edu,1
c406-051.stampede2.tacc.utexas.edu,2
c406-052.stampede2.tacc.utexas.edu,1
c406-061.stampede2.tacc.utexas.edu,1
c406-071.stampede2.tacc.utexas.edu,1
c406-074.stampede2.tacc.utexas.edu,2
c406-082.stampede2.tacc.utexas.edu,1
c406-083.stampede2.tacc.utexas.edu,1
c406-084.stampede2.tacc.utexas.edu,2
c406-091.stampede2.tacc.utexas.edu,2
c406-092.stampede2.tacc.utexas.edu,1
c406-093.stampede2.tacc.utexas.edu,2
c406-101.stampede2.tacc.utexas.edu,2
c406-102.stampede2.tacc.utexas.edu,2
c406-104.stampede2.tacc.utexas.edu,1
c406-111.stampede2.tacc.utexas.edu,1
c406-112.stampede2.tacc.utexas.edu,2
c406-113.stampede2.tacc.utexas.edu,2
c406-123.stampede2.tacc.utexas.edu,1
c406-124.stampede2.tacc.utexas.edu,1
c406-133.stampede2.tacc.utexas.edu,1
c407-013.stampede2.tacc.utexas.edu,1
c407-021.stampede2.tacc.utexas.edu,1
c407-023.stampede2.tacc.utexas.edu,2
c407-034.stampede2.tacc.utexas.edu,1
c407-041.stampede2.tacc.utexas.edu,1
c407-042.stampede2.tacc.utexas.edu,2
c407-054.stampede2.tacc.utexas.edu,1
c407-061.stampede2.tacc.utexas.edu,2
c407-062.stampede2.tacc.utexas.edu,1
c407-071.stampede2.tacc.utexas.edu,1
c407-073.stampede2.tacc.utexas.edu,1
c407-082.stampede2.tacc.utexas.edu,2
c407-083.stampede2.tacc.utexas.edu,2
c407-084.stampede2.tacc.utexas.edu,2
c407-094.stampede2.tacc.utexas.edu,1
c407-101.stampede2.tacc.utexas.edu,3
c407-103.stampede2.tacc.utexas.edu,2
c407-114.stampede2.tacc.utexas.edu,2
c407-121.stampede2.tacc.utexas.edu,1
c407-123.stampede2.tacc.utexas.edu,2
c407-131.stampede2.tacc.utexas.edu,1
c407-132.stampede2.tacc.utexas.edu,1
c407-133.stampede2.tacc.utexas.edu,1
c407-134.stampede2.tacc.utexas.edu,1
c408-002.stampede2.tacc.utexas.edu,1
c408-003.stampede2.tacc.utexas.edu,2
c408-004.stampede2.tacc.utexas.edu,3
c408-011.stampede2.tacc.utexas.edu,2
c408-013.stampede2.tacc.utexas.edu,1
c408-024.stampede2.tacc.utexas.edu,2
c408-034.stampede2.tacc.utexas.edu,1
c408-041.stampede2.tacc.utexas.edu,1
c408-042.stampede2.tacc.utexas.edu,4
c408-043.stampede2.tacc.utexas.edu,1
c408-044.stampede2.tacc.utexas.edu,2
c408-051.stampede2.tacc.utexas.edu,1
c408-053.stampede2.tacc.utexas.edu,1
c408-061.stampede2.tacc.utexas.edu,3
c408-062.stampede2.tacc.utexas.edu,2
c408-063.stampede2.tacc.utexas.edu,3
c408-064.stampede2.tacc.utexas.edu,2
c408-072.stampede2.tacc.utexas.edu,1
c408-082.stampede2.tacc.utexas.edu,2
c408-083.stampede2.tacc.utexas.edu,2
c408-091.stampede2.tacc.utexas.edu,2
c408-093.stampede2.tacc.utexas.edu,1
c408-094.stampede2.tacc.utexas.edu,2
c408-101.stampede2.tacc.utexas.edu,1
c408-104.stampede2.tacc.utexas.edu,1
c408-112.stampede2.tacc.utexas.edu,1
c408-113.stampede2.tacc.utexas.edu,2
c408-122.stampede2.tacc.utexas.edu,2
c408-123.stampede2.tacc.utexas.edu,2
c408-124.stampede2.tacc.utexas.edu,1
c408-131.stampede2.tacc.utexas.edu,1
c408-132.stampede2.tacc.utexas.edu,2
c409-001.stampede2.tacc.utexas.edu,1
c409-003.stampede2.tacc.utexas.edu,1
c409-011.stampede2.tacc.utexas.edu,2
c409-013.stampede2.tacc.utexas.edu,2
c409-014.stampede2.tacc.utexas.edu,4
c409-021.stampede2.tacc.utexas.edu,1
c409-024.stampede2.tacc.utexas.edu,2
c409-031.stampede2.tacc.utexas.edu,1
c409-032.stampede2.tacc.utexas.edu,1
c409-034.stampede2.tacc.utexas.edu,1
c409-051.stampede2.tacc.utexas.edu,2
c409-052.stampede2.tacc.utexas.edu,1
c409-054.stampede2.tacc.utexas.edu,1
c409-072.stampede2.tacc.utexas.edu,1
c409-091.stampede2.tacc.utexas.edu,1
c409-092.stampede2.tacc.utexas.edu,1
c409-094.stampede2.tacc.utexas.edu,2
c409-101.stampede2.tacc.utexas.edu,1
c409-104.stampede2.tacc.utexas.edu,1
c409-111.stampede2.tacc.utexas.edu,2
c409-113.stampede2.tacc.utexas.edu,2
c409-122.stampede2.tacc.utexas.edu,2
c410-001.stampede2.tacc.utexas.edu,1
c410-002.stampede2.tacc.utexas.edu,1
c410-003.stampede2.tacc.utexas.edu,2
c410-004.stampede2.tacc.utexas.edu,1
c410-013.stampede2.tacc.utexas.edu,1
c410-032.stampede2.tacc.utexas.edu,2
c410-034.stampede2.tacc.utexas.edu,1
c410-042.stampede2.tacc.utexas.edu,1
c410-043.stampede2.tacc.utexas.edu,1
c410-053.stampede2.tacc.utexas.edu,1
c410-061.stampede2.tacc.utexas.edu,1
c410-072.stampede2.tacc.utexas.edu,1
c410-083.stampede2.tacc.utexas.edu,1
c410-084.stampede2.tacc.utexas.edu,1
c410-091.stampede2.tacc.utexas.edu,1
c410-092.stampede2.tacc.utexas.edu,2
c410-104.stampede2.tacc.utexas.edu,1
c410-112.stampede2.tacc.utexas.edu,2
c410-113.stampede2.tacc.utexas.edu,2
c410-114.stampede2.tacc.utexas.edu,1
c410-124.stampede2.tacc.utexas.edu,1
c410-132.stampede2.tacc.utexas.edu,1
c410-134.stampede2.tacc.utexas.edu,1
c411-001.stampede2.tacc.utexas.edu,1
c411-011.stampede2.tacc.utexas.edu,1
c411-013.stampede2.tacc.utexas.edu,1
c411-021.stampede2.tacc.utexas.edu,1
c411-022.stampede2.tacc.utexas.edu,2
c411-032.stampede2.tacc.utexas.edu,1
c411-041.stampede2.tacc.utexas.edu,1
c411-051.stampede2.tacc.utexas.edu,1
c411-053.stampede2.tacc.utexas.edu,1
c411-054.stampede2.tacc.utexas.edu,1
c411-061.stampede2.tacc.utexas.edu,2
c411-062.stampede2.tacc.utexas.edu,1
c411-064.stampede2.tacc.utexas.edu,1
c411-072.stampede2.tacc.utexas.edu,1
c411-073.stampede2.tacc.utexas.edu,1
c411-091.stampede2.tacc.utexas.edu,1
c411-102.stampede2.tacc.utexas.edu,1
c411-113.stampede2.tacc.utexas.edu,1
c411-124.stampede2.tacc.utexas.edu,1
c411-134.stampede2.tacc.utexas.edu,1
c412-002.stampede2.tacc.utexas.edu,1
c412-003.stampede2.tacc.utexas.edu,1
c412-012.stampede2.tacc.utexas.edu,1
c412-022.stampede2.tacc.utexas.edu,1
c412-033.stampede2.tacc.utexas.edu,2
c412-034.stampede2.tacc.utexas.edu,1
c412-042.stampede2.tacc.utexas.edu,1
c412-061.stampede2.tacc.utexas.edu,1
c412-062.stampede2.tacc.utexas.edu,2
c412-072.stampede2.tacc.utexas.edu,1
c412-074.stampede2.tacc.utexas.edu,1
c412-081.stampede2.tacc.utexas.edu,1
c412-093.stampede2.tacc.utexas.edu,1
c412-103.stampede2.tacc.utexas.edu,1
c412-111.stampede2.tacc.utexas.edu,1
c412-122.stampede2.tacc.utexas.edu,2
c413-004.stampede2.tacc.utexas.edu,1
c413-011.stampede2.tacc.utexas.edu,1
c413-012.stampede2.tacc.utexas.edu,1
c413-013.stampede2.tacc.utexas.edu,1
c413-014.stampede2.tacc.utexas.edu,1
c413-022.stampede2.tacc.utexas.edu,1
c413-023.stampede2.tacc.utexas.edu,1
c413-024.stampede2.tacc.utexas.edu,1
c413-031.stampede2.tacc.utexas.edu,1
c413-043.stampede2.tacc.utexas.edu,1
c413-051.stampede2.tacc.utexas.edu,1
c413-062.stampede2.tacc.utexas.edu,2
c413-071.stampede2.tacc.utexas.edu,2
c413-082.stampede2.tacc.utexas.edu,1
c413-091.stampede2.tacc.utexas.edu,1
c413-093.stampede2.tacc.utexas.edu,1
c413-094.stampede2.tacc.utexas.edu,1
c413-101.stampede2.tacc.utexas.edu,1
c413-102.stampede2.tacc.utexas.edu,1
c413-112.stampede2.tacc.utexas.edu,1
c413-113.stampede2.tacc.utexas.edu,2
c413-114.stampede2.tacc.utexas.edu,1
c413-133.stampede2.tacc.utexas.edu,1
c414-004.stampede2.tacc.utexas.edu,1
c414-021.stampede2.tacc.utexas.edu,1
c414-023.stampede2.tacc.utexas.edu,1
c414-052.stampede2.tacc.utexas.edu,1
c414-074.stampede2.tacc.utexas.edu,1
c414-083.stampede2.tacc.utexas.edu,1
c414-084.stampede2.tacc.utexas.edu,1
c414-091.stampede2.tacc.utexas.edu,1
c414-093.stampede2.tacc.utexas.edu,1
c414-102.stampede2.tacc.utexas.edu,1
c414-103.stampede2.tacc.utexas.edu,1
c414-112.stampede2.tacc.utexas.edu,1
c414-113.stampede2.tacc.utexas.edu,2
c414-114.stampede2.tacc.utexas.edu,1
c414-123.stampede2.tacc.utexas.edu,1
c414-133.stampede2.tacc.utexas.edu,1
c414-134.stampede2.tacc.utexas.edu,2
c415-004.stampede2.tacc.utexas.edu,1
c415-042.stampede2.tacc.utexas.edu,2
c415-044.stampede2.tacc.utexas.edu,1
c415-074.stampede2.tacc.utexas.edu,1
c415-083.stampede2.tacc.utexas.edu,1
c415-084.stampede2.tacc.utexas.edu,1
c415-091.stampede2.tacc.utexas.edu,1
c415-102.stampede2.tacc.utexas.edu,1
c415-121.stampede2.tacc.utexas.edu,2
c415-124.stampede2.tacc.utexas.edu,1
c415-131.stampede2.tacc.utexas.edu,1
c416-004.stampede2.tacc.utexas.edu,1
c416-011.stampede2.tacc.utexas.edu,1
c416-021.stampede2.tacc.utexas.edu,1
c416-022.stampede2.tacc.utexas.edu,1
c416-042.stampede2.tacc.utexas.edu,1
c416-053.stampede2.tacc.utexas.edu,2
c416-063.stampede2.tacc.utexas.edu,1
c416-073.stampede2.tacc.utexas.edu,1
c416-094.stampede2.tacc.utexas.edu,1
c416-101.stampede2.tacc.utexas.edu,1
c416-102.stampede2.tacc.utexas.edu,1
c416-123.stampede2.tacc.utexas.edu,1
c416-124.stampede2.tacc.utexas.edu,1
c416-131.stampede2.tacc.utexas.edu,1
c416-132.stampede2.tacc.utexas.edu,1
c416-133.stampede2.tacc.utexas.edu,1
c417-003.stampede2.tacc.utexas.edu,1
c417-012.stampede2.tacc.utexas.edu,1
c417-013.stampede2.tacc.utexas.edu,1
c417-021.stampede2.tacc.utexas.edu,1
c417-022.stampede2.tacc.utexas.edu,1
c417-062.stampede2.tacc.utexas.edu,1
c417-091.stampede2.tacc.utexas.edu,2
c417-101.stampede2.tacc.utexas.edu,2
c417-102.stampede2.tacc.utexas.edu,1
c417-104.stampede2.tacc.utexas.edu,1
c417-121.stampede2.tacc.utexas.edu,1
c417-131.stampede2.tacc.utexas.edu,1
c417-132.stampede2.tacc.utexas.edu,1
c417-134.stampede2.tacc.utexas.edu,1
c418-001.stampede2.tacc.utexas.edu,2
c418-011.stampede2.tacc.utexas.edu,1
c418-032.stampede2.tacc.utexas.edu,2
c418-044.stampede2.tacc.utexas.edu,1
c418-052.stampede2.tacc.utexas.edu,2
c418-054.stampede2.tacc.utexas.edu,1
c418-063.stampede2.tacc.utexas.edu,1
c418-064.stampede2.tacc.utexas.edu,1
c418-072.stampede2.tacc.utexas.edu,1
c418-083.stampede2.tacc.utexas.edu,2
c418-084.stampede2.tacc.utexas.edu,1
c418-112.stampede2.tacc.utexas.edu,1
c418-121.stampede2.tacc.utexas.edu,1
c418-122.stampede2.tacc.utexas.edu,1
c418-124.stampede2.tacc.utexas.edu,1
c419-012.stampede2.tacc.utexas.edu,1
c419-022.stampede2.tacc.utexas.edu,1
c419-052.stampede2.tacc.utexas.edu,1
c419-053.stampede2.tacc.utexas.edu,2
c419-054.stampede2.tacc.utexas.edu,1
c419-062.stampede2.tacc.utexas.edu,2
c419-064.stampede2.tacc.utexas.edu,1
c419-101.stampede2.tacc.utexas.edu,1
c419-113.stampede2.tacc.utexas.edu,2
c419-132.stampede2.tacc.utexas.edu,1
c420-002.stampede2.tacc.utexas.edu,1
c420-003.stampede2.tacc.utexas.edu,1
c420-012.stampede2.tacc.utexas.edu,1
c420-042.stampede2.tacc.utexas.edu,1
c420-062.stampede2.tacc.utexas.edu,2
c420-071.stampede2.tacc.utexas.edu,1
c420-082.stampede2.tacc.utexas.edu,1
c420-101.stampede2.tacc.utexas.edu,1
c420-104.stampede2.tacc.utexas.edu,1
c420-111.stampede2.tacc.utexas.edu,1
c420-114.stampede2.tacc.utexas.edu,1
c420-122.stampede2.tacc.utexas.edu,1
c420-132.stampede2.tacc.utexas.edu,1
c420-133.stampede2.tacc.utexas.edu,1
c421-012.stampede2.tacc.utexas.edu,1
c421-014.stampede2.tacc.utexas.edu,1
c421-022.stampede2.tacc.utexas.edu,1
c421-034.stampede2.tacc.utexas.edu,1
c421-041.stampede2.tacc.utexas.edu,1
c421-053.stampede2.tacc.utexas.edu,1
c421-071.stampede2.tacc.utexas.edu,2
c421-073.stampede2.tacc.utexas.edu,1
c421-091.stampede2.tacc.utexas.edu,1
c421-101.stampede2.tacc.utexas.edu,1
c421-102.stampede2.tacc.utexas.edu,1
c421-134.stampede2.tacc.utexas.edu,1
c422-004.stampede2.tacc.utexas.edu,2
c422-014.stampede2.tacc.utexas.edu,1
c422-033.stampede2.tacc.utexas.edu,1
c422-051.stampede2.tacc.utexas.edu,1
c422-052.stampede2.tacc.utexas.edu,1
c422-084.stampede2.tacc.utexas.edu,1
c422-094.stampede2.tacc.utexas.edu,1
c422-113.stampede2.tacc.utexas.edu,1
c422-122.stampede2.tacc.utexas.edu,1
c422-132.stampede2.tacc.utexas.edu,1
c422-134.stampede2.tacc.utexas.edu,1
c423-001.stampede2.tacc.utexas.edu,1
c423-013.stampede2.tacc.utexas.edu,1
c423-014.stampede2.tacc.utexas.edu,1
c423-042.stampede2.tacc.utexas.edu,1
c423-053.stampede2.tacc.utexas.edu,1
c423-071.stampede2.tacc.utexas.edu,1
c423-083.stampede2.tacc.utexas.edu,1
c423-084.stampede2.tacc.utexas.edu,2
c423-091.stampede2.tacc.utexas.edu,1
c423-102.stampede2.tacc.utexas.edu,1
c423-123.stampede2.tacc.utexas.edu,1
c424-003.stampede2.tacc.utexas.edu,1
c424-004.stampede2.tacc.utexas.edu,1
c424-013.stampede2.tacc.utexas.edu,1
c424-073.stampede2.tacc.utexas.edu,1
c424-084.stampede2.tacc.utexas.edu,1
c424-101.stampede2.tacc.utexas.edu,1
c424-124.stampede2.tacc.utexas.edu,1
c425-013.stampede2.tacc.utexas.edu,1
c425-024.stampede2.tacc.utexas.edu,1
c425-031.stampede2.tacc.utexas.edu,1
c425-041.stampede2.tacc.utexas.edu,1
c425-051.stampede2.tacc.utexas.edu,1
c425-052.stampede2.tacc.utexas.edu,1
c425-054.stampede2.tacc.utexas.edu,1
c425-063.stampede2.tacc.utexas.edu,1
c425-071.stampede2.tacc.utexas.edu,1
c425-081.stampede2.tacc.utexas.edu,1
c425-091.stampede2.tacc.utexas.edu,1
c425-102.stampede2.tacc.utexas.edu,1
c425-111.stampede2.tacc.utexas.edu,1
c425-131.stampede2.tacc.utexas.edu,1
c426-011.stampede2.tacc.utexas.edu,1
c426-012.stampede2.tacc.utexas.edu,1
c426-024.stampede2.tacc.utexas.edu,1
c426-042.stampede2.tacc.utexas.edu,2
c426-054.stampede2.tacc.utexas.edu,1
c426-103.stampede2.tacc.utexas.edu,1
c426-111.stampede2.tacc.utexas.edu,1
c426-122.stampede2.tacc.utexas.edu,1
c426-123.stampede2.tacc.utexas.edu,1
c426-134.stampede2.tacc.utexas.edu,1
c427-013.stampede2.tacc.utexas.edu,2
c427-023.stampede2.tacc.utexas.edu,1
c427-043.stampede2.tacc.utexas.edu,1
c427-044.stampede2.tacc.utexas.edu,1
c427-051.stampede2.tacc.utexas.edu,1
c427-053.stampede2.tacc.utexas.edu,1
c427-054.stampede2.tacc.utexas.edu,1
c427-061.stampede2.tacc.utexas.edu,1
c427-063.stampede2.tacc.utexas.edu,1
c427-073.stampede2.tacc.utexas.edu,1
c427-083.stampede2.tacc.utexas.edu,1
c427-092.stampede2.tacc.utexas.edu,1
c427-112.stampede2.tacc.utexas.edu,1
c428-023.stampede2.tacc.utexas.edu,1
c428-094.stampede2.tacc.utexas.edu,1
c428-104.stampede2.tacc.utexas.edu,1
c428-114.stampede2.tacc.utexas.edu,2
c428-132.stampede2.tacc.utexas.edu,1
c428-133.stampede2.tacc.utexas.edu,1
c429-031.stampede2.tacc.utexas.edu,2
c429-034.stampede2.tacc.utexas.edu,1
c429-044.stampede2.tacc.utexas.edu,1
c429-061.stampede2.tacc.utexas.edu,1
c429-084.stampede2.tacc.utexas.edu,1
c429-101.stampede2.tacc.utexas.edu,1
c429-131.stampede2.tacc.utexas.edu,1
c429-133.stampede2.tacc.utexas.edu,2
c430-002.stampede2.tacc.utexas.edu,1
c430-013.stampede2.tacc.utexas.edu,1
c430-054.stampede2.tacc.utexas.edu,1
c430-061.stampede2.tacc.utexas.edu,1
c430-084.stampede2.tacc.utexas.edu,1
c430-102.stampede2.tacc.utexas.edu,1
c430-123.stampede2.tacc.utexas.edu,1
c430-124.stampede2.tacc.utexas.edu,1
c430-133.stampede2.tacc.utexas.edu,1
c431-061.stampede2.tacc.utexas.edu,1
c431-102.stampede2.tacc.utexas.edu,1
c431-123.stampede2.tacc.utexas.edu,1
c431-131.stampede2.tacc.utexas.edu,1
c432-001.stampede2.tacc.utexas.edu,1
c432-032.stampede2.tacc.utexas.edu,1
c432-072.stampede2.tacc.utexas.edu,1
c432-101.stampede2.tacc.utexas.edu,1
c432-102.stampede2.tacc.utexas.edu,1
c432-103.stampede2.tacc.utexas.edu,1
c432-111.stampede2.tacc.utexas.edu,1
c433-004.stampede2.tacc.utexas.edu,1
c433-013.stampede2.tacc.utexas.edu,1
c433-071.stampede2.tacc.utexas.edu,2
c433-082.stampede2.tacc.utexas.edu,1
c433-112.stampede2.tacc.utexas.edu,1
c433-132.stampede2.tacc.utexas.edu,1
c434-011.stampede2.tacc.utexas.edu,1
c434-052.stampede2.tacc.utexas.edu,1
c434-053.stampede2.tacc.utexas.edu,1
c434-054.stampede2.tacc.utexas.edu,1
c435-012.stampede2.tacc.utexas.edu,1
c435-044.stampede2.tacc.utexas.edu,1
c435-063.stampede2.tacc.utexas.edu,1
c435-071.stampede2.tacc.utexas.edu,1
c435-092.stampede2.tacc.utexas.edu,1
c435-101.stampede2.tacc.utexas.edu,1
c435-104.stampede2.tacc.utexas.edu,1
c435-123.stampede2.tacc.utexas.edu,1
c436-001.stampede2.tacc.utexas.edu,1
c436-014.stampede2.tacc.utexas.edu,1
c436-033.stampede2.tacc.utexas.edu,1
c436-044.stampede2.tacc.utexas.edu,1
c436-112.stampede2.tacc.utexas.edu,1
c436-121.stampede2.tacc.utexas.edu,2
c437-003.stampede2.tacc.utexas.edu,1
c437-031.stampede2.tacc.utexas.edu,3
c437-102.stampede2.tacc.utexas.edu,1
c437-134.stampede2.tacc.utexas.edu,2
c438-011.stampede2.tacc.utexas.edu,1
c438-012.stampede2.tacc.utexas.edu,1
c438-023.stampede2.tacc.utexas.edu,1
c438-024.stampede2.tacc.utexas.edu,1
c438-072.stampede2.tacc.utexas.edu,1
c438-103.stampede2.tacc.utexas.edu,1
c438-121.stampede2.tacc.utexas.edu,1
c439-004.stampede2.tacc.utexas.edu,1
c439-011.stampede2.tacc.utexas.edu,1
c439-012.stampede2.tacc.utexas.edu,1
c439-021.stampede2.tacc.utexas.edu,1
c439-032.stampede2.tacc.utexas.edu,1
c439-052.stampede2.tacc.utexas.edu,1
c439-063.stampede2.tacc.utexas.edu,1
c439-101.stampede2.tacc.utexas.edu,1
c439-111.stampede2.tacc.utexas.edu,1
c439-133.stampede2.tacc.utexas.edu,1
c440-001.stampede2.tacc.utexas.edu,2
c440-003.stampede2.tacc.utexas.edu,1
c440-014.stampede2.tacc.utexas.edu,1
c440-091.stampede2.tacc.utexas.edu,1
c440-092.stampede2.tacc.utexas.edu,1
c440-122.stampede2.tacc.utexas.edu,1
c441-041.stampede2.tacc.utexas.edu,1
c441-062.stampede2.tacc.utexas.edu,1
c441-091.stampede2.tacc.utexas.edu,1
c441-092.stampede2.tacc.utexas.edu,1
c441-094.stampede2.tacc.utexas.edu,1
c441-103.stampede2.tacc.utexas.edu,1
c441-112.stampede2.tacc.utexas.edu,1
c441-122.stampede2.tacc.utexas.edu,1
c441-123.stampede2.tacc.utexas.edu,1
c441-132.stampede2.tacc.utexas.edu,1
c442-002.stampede2.tacc.utexas.edu,1
c442-011.stampede2.tacc.utexas.edu,1
c442-051.stampede2.tacc.utexas.edu,1
c442-081.stampede2.tacc.utexas.edu,1
c442-103.stampede2.tacc.utexas.edu,1
c442-104.stampede2.tacc.utexas.edu,1
c442-112.stampede2.tacc.utexas.edu,1
c442-113.stampede2.tacc.utexas.edu,1
c442-132.stampede2.tacc.utexas.edu,1
c443-011.stampede2.tacc.utexas.edu,1
c443-012.stampede2.tacc.utexas.edu,1
c443-053.stampede2.tacc.utexas.edu,1
c443-062.stampede2.tacc.utexas.edu,1
c443-082.stampede2.tacc.utexas.edu,1
c444-013.stampede2.tacc.utexas.edu,1
c444-061.stampede2.tacc.utexas.edu,1
c444-082.stampede2.tacc.utexas.edu,1
c444-083.stampede2.tacc.utexas.edu,2
c444-093.stampede2.tacc.utexas.edu,2
c444-122.stampede2.tacc.utexas.edu,1
c444-131.stampede2.tacc.utexas.edu,1
c445-014.stampede2.tacc.utexas.edu,1
c445-022.stampede2.tacc.utexas.edu,1
c445-094.stampede2.tacc.utexas.edu,2
c445-114.stampede2.tacc.utexas.edu,1
c445-122.stampede2.tacc.utexas.edu,1
c445-133.stampede2.tacc.utexas.edu,1
c445-134.stampede2.tacc.utexas.edu,1
c446-002.stampede2.tacc.utexas.edu,1
c446-003.stampede2.tacc.utexas.edu,1
c446-004.stampede2.tacc.utexas.edu,1
c446-051.stampede2.tacc.utexas.edu,1
c446-092.stampede2.tacc.utexas.edu,1
c446-132.stampede2.tacc.utexas.edu,1
c447-011.stampede2.tacc.utexas.edu,1
c447-024.stampede2.tacc.utexas.edu,1
c447-043.stampede2.tacc.utexas.edu,1
c447-051.stampede2.tacc.utexas.edu,1
c448-054.stampede2.tacc.utexas.edu,1
c448-112.stampede2.tacc.utexas.edu,2
c449-011.stampede2.tacc.utexas.edu,1
c449-024.stampede2.tacc.utexas.edu,1
c449-032.stampede2.tacc.utexas.edu,1
c449-074.stampede2.tacc.utexas.edu,1
c449-081.stampede2.tacc.utexas.edu,2
c449-123.stampede2.tacc.utexas.edu,1
c449-124.stampede2.tacc.utexas.edu,1
c449-133.stampede2.tacc.utexas.edu,2
c450-001.stampede2.tacc.utexas.edu,1
c450-044.stampede2.tacc.utexas.edu,1
c450-082.stampede2.tacc.utexas.edu,1
c450-091.stampede2.tacc.utexas.edu,1
c450-104.stampede2.tacc.utexas.edu,1
c450-114.stampede2.tacc.utexas.edu,1
c451-003.stampede2.tacc.utexas.edu,1
c451-024.stampede2.tacc.utexas.edu,1
c451-053.stampede2.tacc.utexas.edu,1
c451-084.stampede2.tacc.utexas.edu,1
c451-123.stampede2.tacc.utexas.edu,1
c452-062.stampede2.tacc.utexas.edu,1
c452-092.stampede2.tacc.utexas.edu,1
c452-114.stampede2.tacc.utexas.edu,1
c453-042.stampede2.tacc.utexas.edu,1
c453-051.stampede2.tacc.utexas.edu,1
c453-064.stampede2.tacc.utexas.edu,1
c453-082.stampede2.tacc.utexas.edu,1
c453-091.stampede2.tacc.utexas.edu,1
c453-133.stampede2.tacc.utexas.edu,1
c454-001.stampede2.tacc.utexas.edu,1
c454-002.stampede2.tacc.utexas.edu,1
c454-013.stampede2.tacc.utexas.edu,1
c454-091.stampede2.tacc.utexas.edu,1
c454-113.stampede2.tacc.utexas.edu,1
c456-001.stampede2.tacc.utexas.edu,15
c456-002.stampede2.tacc.utexas.edu,14
c456-003.stampede2.tacc.utexas.edu,14
c456-004.stampede2.tacc.utexas.edu,15
c456-011.stampede2.tacc.utexas.edu,14
c456-012.stampede2.tacc.utexas.edu,16
c456-013.stampede2.tacc.utexas.edu,14
c456-014.stampede2.tacc.utexas.edu,13
c456-021.stampede2.tacc.utexas.edu,14
c456-022.stampede2.tacc.utexas.edu,13
c456-023.stampede2.tacc.utexas.edu,16
c456-024.stampede2.tacc.utexas.edu,13
c456-031.stampede2.tacc.utexas.edu,13
c456-032.stampede2.tacc.utexas.edu,13
c456-033.stampede2.tacc.utexas.edu,13
c456-034.stampede2.tacc.utexas.edu,12
c456-041.stampede2.tacc.utexas.edu,14
c456-042.stampede2.tacc.utexas.edu,12
c456-043.stampede2.tacc.utexas.edu,13
c456-044.stampede2.tacc.utexas.edu,13
c456-051.stampede2.tacc.utexas.edu,12
c456-052.stampede2.tacc.utexas.edu,12
c456-053.stampede2.tacc.utexas.edu,10
c456-054.stampede2.tacc.utexas.edu,15
c456-061.stampede2.tacc.utexas.edu,14
c456-062.stampede2.tacc.utexas.edu,14
c456-063.stampede2.tacc.utexas.edu,12
c456-064.stampede2.tacc.utexas.edu,11
c456-071.stampede2.tacc.utexas.edu,12
c456-072.stampede2.tacc.utexas.edu,10
c456-073.stampede2.tacc.utexas.edu,12
c456-074.stampede2.tacc.utexas.edu,11
c456-081.stampede2.tacc.utexas.edu,12
c456-082.stampede2.tacc.utexas.edu,11
c456-083.stampede2.tacc.utexas.edu,10
c456-084.stampede2.tacc.utexas.edu,13
c456-091.stampede2.tacc.utexas.edu,15
c456-092.stampede2.tacc.utexas.edu,9
c456-093.stampede2.tacc.utexas.edu,11
c456-094.stampede2.tacc.utexas.edu,16
c456-101.stampede2.tacc.utexas.edu,4
c456-102.stampede2.tacc.utexas.edu,7
c456-103.stampede2.tacc.utexas.edu,6
c456-104.stampede2.tacc.utexas.edu,3
c456-111.stampede2.tacc.utexas.edu,6
c456-112.stampede2.tacc.utexas.edu,4
c456-113.stampede2.tacc.utexas.edu,3
c456-114.stampede2.tacc.utexas.edu,3
c456-121.stampede2.tacc.utexas.edu,4
c456-122.stampede2.tacc.utexas.edu,6
c456-123.stampede2.tacc.utexas.edu,7
c456-124.stampede2.tacc.utexas.edu,4
c456-131.stampede2.tacc.utexas.edu,4
c456-132.stampede2.tacc.utexas.edu,4
c456-133.stampede2.tacc.utexas.edu,6
c456-134.stampede2.tacc.utexas.edu,5
c457-002.stampede2.tacc.utexas.edu,1
c457-034.stampede2.tacc.utexas.edu,1
c457-094.stampede2.tacc.utexas.edu,1
c457-103.stampede2.tacc.utexas.edu,1
c458-042.stampede2.tacc.utexas.edu,1
c459-013.stampede2.tacc.utexas.edu,1
c459-034.stampede2.tacc.utexas.edu,1
c459-101.stampede2.tacc.utexas.edu,1
c459-102.stampede2.tacc.utexas.edu,1
c459-114.stampede2.tacc.utexas.edu,1
c459-133.stampede2.tacc.utexas.edu,1
c464-121.stampede2.tacc.utexas.edu,1
c465-001.stampede2.tacc.utexas.edu,1
c465-081.stampede2.tacc.utexas.edu,1
c465-094.stampede2.tacc.utexas.edu,1
c468-041.stampede2.tacc.utexas.edu,1
c468-072.stampede2.tacc.utexas.edu,1
c469-021.stampede2.tacc.utexas.edu,1
c469-034.stampede2.tacc.utexas.edu,1
c469-092.stampede2.tacc.utexas.edu,1
c470-021.stampede2.tacc.utexas.edu,1
c470-064.stampede2.tacc.utexas.edu,1
c472-003.stampede2.tacc.utexas.edu,1
c472-052.stampede2.tacc.utexas.edu,1
c472-063.stampede2.tacc.utexas.edu,1
c472-094.stampede2.tacc.utexas.edu,1
c472-123.stampede2.tacc.utexas.edu,1
c472-133.stampede2.tacc.utexas.edu,1
c473-034.stampede2.tacc.utexas.edu,1
c473-073.stampede2.tacc.utexas.edu,1
c473-082.stampede2.tacc.utexas.edu,1
c474-012.stampede2.tacc.utexas.edu,1
c474-062.stampede2.tacc.utexas.edu,1
c474-073.stampede2.tacc.utexas.edu,1
c474-094.stampede2.tacc.utexas.edu,1
c475-034.stampede2.tacc.utexas.edu,1
c475-054.stampede2.tacc.utexas.edu,1
c475-061.stampede2.tacc.utexas.edu,1
c475-064.stampede2.tacc.utexas.edu,1
c475-071.stampede2.tacc.utexas.edu,1
c475-073.stampede2.tacc.utexas.edu,1
c476-001.stampede2.tacc.utexas.edu,2
c476-002.stampede2.tacc.utexas.edu,6
c476-004.stampede2.tacc.utexas.edu,2
c476-011.stampede2.tacc.utexas.edu,1
c476-012.stampede2.tacc.utexas.edu,2
c476-013.stampede2.tacc.utexas.edu,2
c476-014.stampede2.tacc.utexas.edu,2
c476-021.stampede2.tacc.utexas.edu,2
c476-022.stampede2.tacc.utexas.edu,1
c476-023.stampede2.tacc.utexas.edu,1
c476-031.stampede2.tacc.utexas.edu,1
c476-032.stampede2.tacc.utexas.edu,2
c476-033.stampede2.tacc.utexas.edu,4
c476-034.stampede2.tacc.utexas.edu,5
c476-041.stampede2.tacc.utexas.edu,2
c476-043.stampede2.tacc.utexas.edu,2
c476-044.stampede2.tacc.utexas.edu,1
c476-052.stampede2.tacc.utexas.edu,2
c476-053.stampede2.tacc.utexas.edu,2
c476-054.stampede2.tacc.utexas.edu,5
c476-061.stampede2.tacc.utexas.edu,2
c476-062.stampede2.tacc.utexas.edu,1
c476-063.stampede2.tacc.utexas.edu,5
c476-064.stampede2.tacc.utexas.edu,4
c476-071.stampede2.tacc.utexas.edu,1
c476-072.stampede2.tacc.utexas.edu,5
c476-073.stampede2.tacc.utexas.edu,3
c476-074.stampede2.tacc.utexas.edu,1
c476-081.stampede2.tacc.utexas.edu,3
c476-082.stampede2.tacc.utexas.edu,1
c476-083.stampede2.tacc.utexas.edu,2
c476-084.stampede2.tacc.utexas.edu,1
c476-091.stampede2.tacc.utexas.edu,1
c476-092.stampede2.tacc.utexas.edu,2
c476-093.stampede2.tacc.utexas.edu,3
c476-094.stampede2.tacc.utexas.edu,3
c476-101.stampede2.tacc.utexas.edu,4
c476-103.stampede2.tacc.utexas.edu,4
c476-104.stampede2.tacc.utexas.edu,1
c476-111.stampede2.tacc.utexas.edu,3
c476-112.stampede2.tacc.utexas.edu,2
c476-113.stampede2.tacc.utexas.edu,2
c476-114.stampede2.tacc.utexas.edu,1
c476-121.stampede2.tacc.utexas.edu,3
c476-122.stampede2.tacc.utexas.edu,3
c476-123.stampede2.tacc.utexas.edu,1
c476-124.stampede2.tacc.utexas.edu,3
c476-131.stampede2.tacc.utexas.edu,1
c476-132.stampede2.tacc.utexas.edu,1
c476-133.stampede2.tacc.utexas.edu,5
c476-134.stampede2.tacc.utexas.edu,1
c477-001.stampede2.tacc.utexas.edu,1
c477-002.stampede2.tacc.utexas.edu,1
c477-003.stampede2.tacc.utexas.edu,3
c477-004.stampede2.tacc.utexas.edu,1
c477-011.stampede2.tacc.utexas.edu,5
c477-012.stampede2.tacc.utexas.edu,1
c477-013.stampede2.tacc.utexas.edu,2
c477-014.stampede2.tacc.utexas.edu,1
c477-021.stampede2.tacc.utexas.edu,3
c477-022.stampede2.tacc.utexas.edu,1
c477-023.stampede2.tacc.utexas.edu,2
c477-024.stampede2.tacc.utexas.edu,2
c477-031.stampede2.tacc.utexas.edu,1
c477-033.stampede2.tacc.utexas.edu,2
c477-034.stampede2.tacc.utexas.edu,1
c477-041.stampede2.tacc.utexas.edu,3
c477-042.stampede2.tacc.utexas.edu,2
c477-043.stampede2.tacc.utexas.edu,1
c477-044.stampede2.tacc.utexas.edu,3
c477-051.stampede2.tacc.utexas.edu,2
c477-052.stampede2.tacc.utexas.edu,1
c477-053.stampede2.tacc.utexas.edu,1
c477-054.stampede2.tacc.utexas.edu,3
c477-061.stampede2.tacc.utexas.edu,4
c477-062.stampede2.tacc.utexas.edu,3
c477-063.stampede2.tacc.utexas.edu,1
c477-064.stampede2.tacc.utexas.edu,2
c477-071.stampede2.tacc.utexas.edu,2
c477-072.stampede2.tacc.utexas.edu,1
c477-073.stampede2.tacc.utexas.edu,3
c477-074.stampede2.tacc.utexas.edu,1
c477-081.stampede2.tacc.utexas.edu,2
c477-082.stampede2.tacc.utexas.edu,1
c477-083.stampede2.tacc.utexas.edu,4
c477-084.stampede2.tacc.utexas.edu,1
c477-091.stampede2.tacc.utexas.edu,2
c477-092.stampede2.tacc.utexas.edu,1
c477-093.stampede2.tacc.utexas.edu,2
c477-094.stampede2.tacc.utexas.edu,1
c477-101.stampede2.tacc.utexas.edu,2
c477-102.stampede2.tacc.utexas.edu,2
c477-103.stampede2.tacc.utexas.edu,1
c477-104.stampede2.tacc.utexas.edu,4
c477-111.stampede2.tacc.utexas.edu,3
c477-112.stampede2.tacc.utexas.edu,3
c477-121.stampede2.tacc.utexas.edu,4
c477-122.stampede2.tacc.utexas.edu,2
c477-123.stampede2.tacc.utexas.edu,2
c477-124.stampede2.tacc.utexas.edu,3
c477-131.stampede2.tacc.utexas.edu,3
c477-132.stampede2.tacc.utexas.edu,1
c477-133.stampede2.tacc.utexas.edu,1
c477-134.stampede2.tacc.utexas.edu,2
c478-001.stampede2.tacc.utexas.edu,5
c478-002.stampede2.tacc.utexas.edu,5
c478-004.stampede2.tacc.utexas.edu,1
c478-011.stampede2.tacc.utexas.edu,2
c478-012.stampede2.tacc.utexas.edu,2
c478-014.stampede2.tacc.utexas.edu,2
c478-021.stampede2.tacc.utexas.edu,2
c478-031.stampede2.tacc.utexas.edu,4
c478-034.stampede2.tacc.utexas.edu,2
c478-042.stampede2.tacc.utexas.edu,1
c478-043.stampede2.tacc.utexas.edu,2
c478-044.stampede2.tacc.utexas.edu,1
c478-053.stampede2.tacc.utexas.edu,2
c478-062.stampede2.tacc.utexas.edu,1
c478-071.stampede2.tacc.utexas.edu,5
c478-074.stampede2.tacc.utexas.edu,2
c478-081.stampede2.tacc.utexas.edu,4
c478-082.stampede2.tacc.utexas.edu,3
c478-083.stampede2.tacc.utexas.edu,2
c478-084.stampede2.tacc.utexas.edu,1
c478-091.stampede2.tacc.utexas.edu,2
c478-092.stampede2.tacc.utexas.edu,1
c478-093.stampede2.tacc.utexas.edu,1
c478-101.stampede2.tacc.utexas.edu,1
c478-104.stampede2.tacc.utexas.edu,2
c478-112.stampede2.tacc.utexas.edu,2
c478-113.stampede2.tacc.utexas.edu,2
c478-114.stampede2.tacc.utexas.edu,2
c478-122.stampede2.tacc.utexas.edu,1
c478-123.stampede2.tacc.utexas.edu,2
c478-124.stampede2.tacc.utexas.edu,2
c478-131.stampede2.tacc.utexas.edu,2
c478-132.stampede2.tacc.utexas.edu,1
c478-133.stampede2.tacc.utexas.edu,1
c478-134.stampede2.tacc.utexas.edu,2
c479-001.stampede2.tacc.utexas.edu,3
c479-002.stampede2.tacc.utexas.edu,3
c479-011.stampede2.tacc.utexas.edu,2
c479-012.stampede2.tacc.utexas.edu,1
c479-013.stampede2.tacc.utexas.edu,1
c479-014.stampede2.tacc.utexas.edu,2
c479-021.stampede2.tacc.utexas.edu,2
c479-023.stampede2.tacc.utexas.edu,3
c479-024.stampede2.tacc.utexas.edu,1
c479-031.stampede2.tacc.utexas.edu,1
c479-032.stampede2.tacc.utexas.edu,1
c479-034.stampede2.tacc.utexas.edu,1
c479-042.stampede2.tacc.utexas.edu,2
c479-043.stampede2.tacc.utexas.edu,2
c479-054.stampede2.tacc.utexas.edu,1
c479-061.stampede2.tacc.utexas.edu,2
c479-062.stampede2.tacc.utexas.edu,1
c479-063.stampede2.tacc.utexas.edu,1
c479-064.stampede2.tacc.utexas.edu,2
c479-083.stampede2.tacc.utexas.edu,1
c479-084.stampede2.tacc.utexas.edu,2
c479-091.stampede2.tacc.utexas.edu,2
c479-092.stampede2.tacc.utexas.edu,3
c479-093.stampede2.tacc.utexas.edu,1
c479-101.stampede2.tacc.utexas.edu,2
c479-102.stampede2.tacc.utexas.edu,1
c479-103.stampede2.tacc.utexas.edu,1
c479-104.stampede2.tacc.utexas.edu,1
c479-111.stampede2.tacc.utexas.edu,2
c479-112.stampede2.tacc.utexas.edu,2
c479-114.stampede2.tacc.utexas.edu,2
c479-121.stampede2.tacc.utexas.edu,1
c479-123.stampede2.tacc.utexas.edu,1
c479-124.stampede2.tacc.utexas.edu,1
c479-131.stampede2.tacc.utexas.edu,3
c479-132.stampede2.tacc.utexas.edu,1
c479-133.stampede2.tacc.utexas.edu,1
c479-134.stampede2.tacc.utexas.edu,2
c480-001.stampede2.tacc.utexas.edu,1
c480-002.stampede2.tacc.utexas.edu,1
c480-003.stampede2.tacc.utexas.edu,2
c480-004.stampede2.tacc.utexas.edu,2
c480-011.stampede2.tacc.utexas.edu,1
c480-012.stampede2.tacc.utexas.edu,1
c480-013.stampede2.tacc.utexas.edu,2
c480-032.stampede2.tacc.utexas.edu,2
c480-033.stampede2.tacc.utexas.edu,3
c480-034.stampede2.tacc.utexas.edu,1
c480-041.stampede2.tacc.utexas.edu,1
c480-044.stampede2.tacc.utexas.edu,3
c480-052.stampede2.tacc.utexas.edu,1
c480-053.stampede2.tacc.utexas.edu,2
c480-061.stampede2.tacc.utexas.edu,1
c480-062.stampede2.tacc.utexas.edu,1
c480-063.stampede2.tacc.utexas.edu,1
c480-064.stampede2.tacc.utexas.edu,3
c480-072.stampede2.tacc.utexas.edu,3
c480-073.stampede2.tacc.utexas.edu,2
c480-074.stampede2.tacc.utexas.edu,1
c480-082.stampede2.tacc.utexas.edu,1
c480-084.stampede2.tacc.utexas.edu,2
c480-094.stampede2.tacc.utexas.edu,1
c480-102.stampede2.tacc.utexas.edu,1
c480-112.stampede2.tacc.utexas.edu,1
c480-121.stampede2.tacc.utexas.edu,1
c480-131.stampede2.tacc.utexas.edu,2
c480-133.stampede2.tacc.utexas.edu,1
c480-134.stampede2.tacc.utexas.edu,1
c481-003.stampede2.tacc.utexas.edu,1
c481-011.stampede2.tacc.utexas.edu,3
c481-012.stampede2.tacc.utexas.edu,3
c481-021.stampede2.tacc.utexas.edu,1
c481-041.stampede2.tacc.utexas.edu,1
c481-044.stampede2.tacc.utexas.edu,1
c481-052.stampede2.tacc.utexas.edu,2
c481-062.stampede2.tacc.utexas.edu,1
c481-063.stampede2.tacc.utexas.edu,3
c481-071.stampede2.tacc.utexas.edu,1
c481-072.stampede2.tacc.utexas.edu,1
c481-074.stampede2.tacc.utexas.edu,1
c481-084.stampede2.tacc.utexas.edu,2
c481-092.stampede2.tacc.utexas.edu,1
c481-094.stampede2.tacc.utexas.edu,1
c481-102.stampede2.tacc.utexas.edu,1
c481-104.stampede2.tacc.utexas.edu,1
c481-111.stampede2.tacc.utexas.edu,1
c481-133.stampede2.tacc.utexas.edu,1
c482-004.stampede2.tacc.utexas.edu,1
c482-014.stampede2.tacc.utexas.edu,1
c482-021.stampede2.tacc.utexas.edu,1
c482-022.stampede2.tacc.utexas.edu,1
c482-032.stampede2.tacc.utexas.edu,1
c482-033.stampede2.tacc.utexas.edu,1
c482-034.stampede2.tacc.utexas.edu,1
c482-044.stampede2.tacc.utexas.edu,1
c482-051.stampede2.tacc.utexas.edu,1
c482-053.stampede2.tacc.utexas.edu,1
c482-054.stampede2.tacc.utexas.edu,1
c482-062.stampede2.tacc.utexas.edu,2
c482-064.stampede2.tacc.utexas.edu,1
c482-084.stampede2.tacc.utexas.edu,1
c482-092.stampede2.tacc.utexas.edu,1
c482-102.stampede2.tacc.utexas.edu,1
c482-104.stampede2.tacc.utexas.edu,1
c482-111.stampede2.tacc.utexas.edu,2
c482-112.stampede2.tacc.utexas.edu,1
c482-114.stampede2.tacc.utexas.edu,1
c482-132.stampede2.tacc.utexas.edu,1
c482-134.stampede2.tacc.utexas.edu,1
c483-002.stampede2.tacc.utexas.edu,1
c483-003.stampede2.tacc.utexas.edu,1
c483-004.stampede2.tacc.utexas.edu,1
c483-011.stampede2.tacc.utexas.edu,1
c483-022.stampede2.tacc.utexas.edu,1
c483-024.stampede2.tacc.utexas.edu,1
c483-031.stampede2.tacc.utexas.edu,1
c483-041.stampede2.tacc.utexas.edu,3
c483-051.stampede2.tacc.utexas.edu,1
c483-053.stampede2.tacc.utexas.edu,2
c483-054.stampede2.tacc.utexas.edu,2
c483-061.stampede2.tacc.utexas.edu,3
c483-062.stampede2.tacc.utexas.edu,1
c483-064.stampede2.tacc.utexas.edu,2
c483-071.stampede2.tacc.utexas.edu,2
c483-072.stampede2.tacc.utexas.edu,1
c483-081.stampede2.tacc.utexas.edu,2
c483-091.stampede2.tacc.utexas.edu,1
c483-093.stampede2.tacc.utexas.edu,1
c483-094.stampede2.tacc.utexas.edu,1
c483-101.stampede2.tacc.utexas.edu,2
c483-104.stampede2.tacc.utexas.edu,2
c483-111.stampede2.tacc.utexas.edu,1
c483-112.stampede2.tacc.utexas.edu,1
c483-132.stampede2.tacc.utexas.edu,1
c483-133.stampede2.tacc.utexas.edu,1
c484-021.stampede2.tacc.utexas.edu,1
c484-022.stampede2.tacc.utexas.edu,1
c484-031.stampede2.tacc.utexas.edu,1
c484-051.stampede2.tacc.utexas.edu,2
c484-053.stampede2.tacc.utexas.edu,1
c484-061.stampede2.tacc.utexas.edu,2
c484-064.stampede2.tacc.utexas.edu,2
c484-071.stampede2.tacc.utexas.edu,1
c484-073.stampede2.tacc.utexas.edu,2
c484-091.stampede2.tacc.utexas.edu,2
c484-094.stampede2.tacc.utexas.edu,1
c484-101.stampede2.tacc.utexas.edu,1
c484-102.stampede2.tacc.utexas.edu,1
c484-112.stampede2.tacc.utexas.edu,1
c484-114.stampede2.tacc.utexas.edu,1
c484-121.stampede2.tacc.utexas.edu,1
c484-122.stampede2.tacc.utexas.edu,1
c484-123.stampede2.tacc.utexas.edu,1
c484-124.stampede2.tacc.utexas.edu,2
c484-133.stampede2.tacc.utexas.edu,1
c485-001.stampede2.tacc.utexas.edu,2
c485-002.stampede2.tacc.utexas.edu,2
c485-011.stampede2.tacc.utexas.edu,1
c485-012.stampede2.tacc.utexas.edu,2
c485-013.stampede2.tacc.utexas.edu,1
c485-014.stampede2.tacc.utexas.edu,1
c485-022.stampede2.tacc.utexas.edu,1
c485-023.stampede2.tacc.utexas.edu,1
c485-031.stampede2.tacc.utexas.edu,3
c485-032.stampede2.tacc.utexas.edu,1
c485-033.stampede2.tacc.utexas.edu,1
c485-034.stampede2.tacc.utexas.edu,1
c485-043.stampede2.tacc.utexas.edu,1
c485-044.stampede2.tacc.utexas.edu,2
c485-072.stampede2.tacc.utexas.edu,2
c485-081.stampede2.tacc.utexas.edu,1
c485-083.stampede2.tacc.utexas.edu,1
c485-091.stampede2.tacc.utexas.edu,2
c485-093.stampede2.tacc.utexas.edu,1
c485-102.stampede2.tacc.utexas.edu,1
c485-104.stampede2.tacc.utexas.edu,1
c485-111.stampede2.tacc.utexas.edu,1
c485-113.stampede2.tacc.utexas.edu,1
c485-124.stampede2.tacc.utexas.edu,1
c485-132.stampede2.tacc.utexas.edu,1
c486-041.stampede2.tacc.utexas.edu,1
c486-042.stampede2.tacc.utexas.edu,2
c486-044.stampede2.tacc.utexas.edu,1
c486-062.stampede2.tacc.utexas.edu,1
c486-081.stampede2.tacc.utexas.edu,1
c486-092.stampede2.tacc.utexas.edu,2
c486-094.stampede2.tacc.utexas.edu,1
c486-101.stampede2.tacc.utexas.edu,2
c486-112.stampede2.tacc.utexas.edu,1
c486-123.stampede2.tacc.utexas.edu,1
c486-132.stampede2.tacc.utexas.edu,2
c486-134.stampede2.tacc.utexas.edu,2
c487-004.stampede2.tacc.utexas.edu,2
c487-013.stampede2.tacc.utexas.edu,1
c487-021.stampede2.tacc.utexas.edu,1
c487-031.stampede2.tacc.utexas.edu,1
c487-033.stampede2.tacc.utexas.edu,1
c487-034.stampede2.tacc.utexas.edu,1
c487-051.stampede2.tacc.utexas.edu,1
c487-052.stampede2.tacc.utexas.edu,2
c487-053.stampede2.tacc.utexas.edu,1
c487-062.stampede2.tacc.utexas.edu,1
c487-072.stampede2.tacc.utexas.edu,2
c487-082.stampede2.tacc.utexas.edu,1
c487-084.stampede2.tacc.utexas.edu,1
c487-094.stampede2.tacc.utexas.edu,2
c487-102.stampede2.tacc.utexas.edu,1
c487-103.stampede2.tacc.utexas.edu,3
c487-104.stampede2.tacc.utexas.edu,1
c487-123.stampede2.tacc.utexas.edu,1
c487-124.stampede2.tacc.utexas.edu,1
c487-131.stampede2.tacc.utexas.edu,3
c487-133.stampede2.tacc.utexas.edu,2
c488-031.stampede2.tacc.utexas.edu,1
c488-041.stampede2.tacc.utexas.edu,3
c488-061.stampede2.tacc.utexas.edu,1
c488-063.stampede2.tacc.utexas.edu,1
c488-071.stampede2.tacc.utexas.edu,1
c488-072.stampede2.tacc.utexas.edu,1
c488-074.stampede2.tacc.utexas.edu,1
c488-082.stampede2.tacc.utexas.edu,2
c488-094.stampede2.tacc.utexas.edu,1
c488-101.stampede2.tacc.utexas.edu,1
c488-102.stampede2.tacc.utexas.edu,1
c488-104.stampede2.tacc.utexas.edu,1
c488-112.stampede2.tacc.utexas.edu,2
c488-121.stampede2.tacc.utexas.edu,2
c488-124.stampede2.tacc.utexas.edu,1
c488-132.stampede2.tacc.utexas.edu,2
c488-133.stampede2.tacc.utexas.edu,2
c488-134.stampede2.tacc.utexas.edu,1
c489-001.stampede2.tacc.utexas.edu,1
c489-002.stampede2.tacc.utexas.edu,1
c489-044.stampede2.tacc.utexas.edu,1
c489-051.stampede2.tacc.utexas.edu,1
c489-062.stampede2.tacc.utexas.edu,1
c489-063.stampede2.tacc.utexas.edu,2
c489-064.stampede2.tacc.utexas.edu,1
c489-071.stampede2.tacc.utexas.edu,1
c489-073.stampede2.tacc.utexas.edu,1
c489-074.stampede2.tacc.utexas.edu,1
c489-081.stampede2.tacc.utexas.edu,1
c489-082.stampede2.tacc.utexas.edu,1
c489-091.stampede2.tacc.utexas.edu,2
c489-093.stampede2.tacc.utexas.edu,1
c489-094.stampede2.tacc.utexas.edu,3
c489-101.stampede2.tacc.utexas.edu,1
c489-103.stampede2.tacc.utexas.edu,2
c489-104.stampede2.tacc.utexas.edu,1
c489-111.stampede2.tacc.utexas.edu,1
c489-113.stampede2.tacc.utexas.edu,1
c489-122.stampede2.tacc.utexas.edu,1
c489-133.stampede2.tacc.utexas.edu,1
c489-134.stampede2.tacc.utexas.edu,1
c490-003.stampede2.tacc.utexas.edu,1
c490-034.stampede2.tacc.utexas.edu,2
c490-041.stampede2.tacc.utexas.edu,1
c490-044.stampede2.tacc.utexas.edu,1
c490-061.stampede2.tacc.utexas.edu,1
c490-064.stampede2.tacc.utexas.edu,1
c490-071.stampede2.tacc.utexas.edu,1
c490-072.stampede2.tacc.utexas.edu,1
c490-081.stampede2.tacc.utexas.edu,1
c490-091.stampede2.tacc.utexas.edu,1
c490-094.stampede2.tacc.utexas.edu,1
c490-101.stampede2.tacc.utexas.edu,2
c490-104.stampede2.tacc.utexas.edu,1
c490-112.stampede2.tacc.utexas.edu,2
c490-114.stampede2.tacc.utexas.edu,1
c490-122.stampede2.tacc.utexas.edu,1
c490-123.stampede2.tacc.utexas.edu,1
c491-001.stampede2.tacc.utexas.edu,3
c491-002.stampede2.tacc.utexas.edu,1
c491-003.stampede2.tacc.utexas.edu,1
c491-012.stampede2.tacc.utexas.edu,2
c491-013.stampede2.tacc.utexas.edu,1
c491-021.stampede2.tacc.utexas.edu,1
c491-024.stampede2.tacc.utexas.edu,1
c491-033.stampede2.tacc.utexas.edu,1
c491-043.stampede2.tacc.utexas.edu,1
c491-051.stampede2.tacc.utexas.edu,1
c491-053.stampede2.tacc.utexas.edu,1
c491-063.stampede2.tacc.utexas.edu,2
c491-064.stampede2.tacc.utexas.edu,1
c491-074.stampede2.tacc.utexas.edu,2
c491-092.stampede2.tacc.utexas.edu,1
c491-094.stampede2.tacc.utexas.edu,1
c491-111.stampede2.tacc.utexas.edu,2
c491-112.stampede2.tacc.utexas.edu,2
c491-113.stampede2.tacc.utexas.edu,3
c492-011.stampede2.tacc.utexas.edu,2
c492-024.stampede2.tacc.utexas.edu,1
c492-032.stampede2.tacc.utexas.edu,1
c492-033.stampede2.tacc.utexas.edu,1
c492-034.stampede2.tacc.utexas.edu,1
c492-042.stampede2.tacc.utexas.edu,1
c492-044.stampede2.tacc.utexas.edu,1
c492-051.stampede2.tacc.utexas.edu,1
c492-054.stampede2.tacc.utexas.edu,1
c492-071.stampede2.tacc.utexas.edu,1
c492-073.stampede2.tacc.utexas.edu,1
c492-082.stampede2.tacc.utexas.edu,1
c492-083.stampede2.tacc.utexas.edu,1
c492-093.stampede2.tacc.utexas.edu,1
c492-121.stampede2.tacc.utexas.edu,1
c492-133.stampede2.tacc.utexas.edu,2
c493-001.stampede2.tacc.utexas.edu,1
c493-012.stampede2.tacc.utexas.edu,1
c493-013.stampede2.tacc.utexas.edu,1
c493-022.stampede2.tacc.utexas.edu,1
c493-023.stampede2.tacc.utexas.edu,1
c493-024.stampede2.tacc.utexas.edu,1
c493-052.stampede2.tacc.utexas.edu,1
c493-054.stampede2.tacc.utexas.edu,1
c493-061.stampede2.tacc.utexas.edu,1
c493-063.stampede2.tacc.utexas.edu,2
c493-081.stampede2.tacc.utexas.edu,1
c493-083.stampede2.tacc.utexas.edu,1
c493-091.stampede2.tacc.utexas.edu,1
c493-094.stampede2.tacc.utexas.edu,2
c493-102.stampede2.tacc.utexas.edu,1
c493-103.stampede2.tacc.utexas.edu,1
c493-104.stampede2.tacc.utexas.edu,1
c493-111.stampede2.tacc.utexas.edu,1
c493-113.stampede2.tacc.utexas.edu,1
c493-114.stampede2.tacc.utexas.edu,2
c493-134.stampede2.tacc.utexas.edu,2
c494-003.stampede2.tacc.utexas.edu,2
c494-004.stampede2.tacc.utexas.edu,1
c494-021.stampede2.tacc.utexas.edu,1
c494-022.stampede2.tacc.utexas.edu,1
c494-024.stampede2.tacc.utexas.edu,1
c494-031.stampede2.tacc.utexas.edu,1
c494-034.stampede2.tacc.utexas.edu,1
c494-043.stampede2.tacc.utexas.edu,1
c494-061.stampede2.tacc.utexas.edu,1
c494-064.stampede2.tacc.utexas.edu,1
c494-071.stampede2.tacc.utexas.edu,1
c494-072.stampede2.tacc.utexas.edu,1
c494-074.stampede2.tacc.utexas.edu,1
c494-083.stampede2.tacc.utexas.edu,1
c494-101.stampede2.tacc.utexas.edu,1
c494-111.stampede2.tacc.utexas.edu,1
c494-122.stampede2.tacc.utexas.edu,1
c494-124.stampede2.tacc.utexas.edu,1
c494-133.stampede2.tacc.utexas.edu,1
c495-001.stampede2.tacc.utexas.edu,1
c495-004.stampede2.tacc.utexas.edu,1
c495-012.stampede2.tacc.utexas.edu,1
c495-013.stampede2.tacc.utexas.edu,2
c495-014.stampede2.tacc.utexas.edu,1
c495-021.stampede2.tacc.utexas.edu,2
c495-023.stampede2.tacc.utexas.edu,1
c495-031.stampede2.tacc.utexas.edu,1
c495-032.stampede2.tacc.utexas.edu,1
c495-033.stampede2.tacc.utexas.edu,1
c495-034.stampede2.tacc.utexas.edu,1
c495-041.stampede2.tacc.utexas.edu,2
c495-043.stampede2.tacc.utexas.edu,1
c495-053.stampede2.tacc.utexas.edu,1
c495-063.stampede2.tacc.utexas.edu,1
c495-092.stampede2.tacc.utexas.edu,1
c495-101.stampede2.tacc.utexas.edu,1
c495-102.stampede2.tacc.utexas.edu,1
c495-103.stampede2.tacc.utexas.edu,1
c495-104.stampede2.tacc.utexas.edu,1
c495-124.stampede2.tacc.utexas.edu,1
c496-002.stampede2.tacc.utexas.edu,1
c496-004.stampede2.tacc.utexas.edu,2
c496-021.stampede2.tacc.utexas.edu,3
c496-033.stampede2.tacc.utexas.edu,2
c496-041.stampede2.tacc.utexas.edu,1
c496-063.stampede2.tacc.utexas.edu,1
c496-072.stampede2.tacc.utexas.edu,1
c496-074.stampede2.tacc.utexas.edu,2
c496-084.stampede2.tacc.utexas.edu,1
c496-091.stampede2.tacc.utexas.edu,1
c496-092.stampede2.tacc.utexas.edu,1
c496-093.stampede2.tacc.utexas.edu,1
c496-094.stampede2.tacc.utexas.edu,1
c496-102.stampede2.tacc.utexas.edu,1
c496-104.stampede2.tacc.utexas.edu,1
c496-113.stampede2.tacc.utexas.edu,1
c496-114.stampede2.tacc.utexas.edu,1
c496-122.stampede2.tacc.utexas.edu,2
c496-133.stampede2.tacc.utexas.edu,2
c496-134.stampede2.tacc.utexas.edu,1
c497-004.stampede2.tacc.utexas.edu,1
c497-011.stampede2.tacc.utexas.edu,2
c497-012.stampede2.tacc.utexas.edu,1
c497-013.stampede2.tacc.utexas.edu,4
c497-021.stampede2.tacc.utexas.edu,2
c497-022.stampede2.tacc.utexas.edu,1
c497-024.stampede2.tacc.utexas.edu,2
c497-032.stampede2.tacc.utexas.edu,1
c497-042.stampede2.tacc.utexas.edu,1
c497-044.stampede2.tacc.utexas.edu,1
c497-061.stampede2.tacc.utexas.edu,2
c497-063.stampede2.tacc.utexas.edu,2
c497-064.stampede2.tacc.utexas.edu,2
c497-074.stampede2.tacc.utexas.edu,1
c497-091.stampede2.tacc.utexas.edu,1
c497-094.stampede2.tacc.utexas.edu,3
c497-102.stampede2.tacc.utexas.edu,2
c497-103.stampede2.tacc.utexas.edu,2
c497-104.stampede2.tacc.utexas.edu,1
c497-112.stampede2.tacc.utexas.edu,1
c497-122.stampede2.tacc.utexas.edu,1
c497-123.stampede2.tacc.utexas.edu,1
c497-131.stampede2.tacc.utexas.edu,1
c497-132.stampede2.tacc.utexas.edu,1
c497-133.stampede2.tacc.utexas.edu,3
c498-001.stampede2.tacc.utexas.edu,2
c498-014.stampede2.tacc.utexas.edu,1
c498-023.stampede2.tacc.utexas.edu,2
c498-031.stampede2.tacc.utexas.edu,1
c498-041.stampede2.tacc.utexas.edu,1
c498-042.stampede2.tacc.utexas.edu,1
c498-062.stampede2.tacc.utexas.edu,3
c498-063.stampede2.tacc.utexas.edu,1
c498-071.stampede2.tacc.utexas.edu,1
c498-073.stampede2.tacc.utexas.edu,3
c498-081.stampede2.tacc.utexas.edu,1
c498-082.stampede2.tacc.utexas.edu,1
c498-091.stampede2.tacc.utexas.edu,1
c498-092.stampede2.tacc.utexas.edu,2
c498-094.stampede2.tacc.utexas.edu,1
c498-103.stampede2.tacc.utexas.edu,1
c498-104.stampede2.tacc.utexas.edu,2
c498-112.stampede2.tacc.utexas.edu,1
c498-114.stampede2.tacc.utexas.edu,1
c498-132.stampede2.tacc.utexas.edu,1
c498-133.stampede2.tacc.utexas.edu,3
c498-134.stampede2.tacc.utexas.edu,2
c499-001.stampede2.tacc.utexas.edu,2
c499-003.stampede2.tacc.utexas.edu,1
c499-004.stampede2.tacc.utexas.edu,1
c499-013.stampede2.tacc.utexas.edu,1
c499-022.stampede2.tacc.utexas.edu,1
c499-031.stampede2.tacc.utexas.edu,2
c499-033.stampede2.tacc.utexas.edu,2
c499-034.stampede2.tacc.utexas.edu,2
c499-041.stampede2.tacc.utexas.edu,1
c499-044.stampede2.tacc.utexas.edu,1
c499-053.stampede2.tacc.utexas.edu,1
c499-061.stampede2.tacc.utexas.edu,1
c499-073.stampede2.tacc.utexas.edu,1
c499-081.stampede2.tacc.utexas.edu,1
c499-082.stampede2.tacc.utexas.edu,3
c499-084.stampede2.tacc.utexas.edu,2
c499-093.stampede2.tacc.utexas.edu,1
c499-094.stampede2.tacc.utexas.edu,1
c499-101.stampede2.tacc.utexas.edu,1
c499-111.stampede2.tacc.utexas.edu,2
c499-121.stampede2.tacc.utexas.edu,1
c499-122.stampede2.tacc.utexas.edu,2
c499-123.stampede2.tacc.utexas.edu,1
c499-124.stampede2.tacc.utexas.edu,4
c499-131.stampede2.tacc.utexas.edu,1
c499-133.stampede2.tacc.utexas.edu,2
c499-134.stampede2.tacc.utexas.edu,1
c500-013.stampede2.tacc.utexas.edu,2
c500-021.stampede2.tacc.utexas.edu,1
c500-022.stampede2.tacc.utexas.edu,1
c500-023.stampede2.tacc.utexas.edu,1
c500-024.stampede2.tacc.utexas.edu,1
c500-032.stampede2.tacc.utexas.edu,1
c500-033.stampede2.tacc.utexas.edu,4
c500-034.stampede2.tacc.utexas.edu,1
c500-041.stampede2.tacc.utexas.edu,2
c500-044.stampede2.tacc.utexas.edu,2
c500-051.stampede2.tacc.utexas.edu,1
c500-053.stampede2.tacc.utexas.edu,4
c500-054.stampede2.tacc.utexas.edu,1
c500-062.stampede2.tacc.utexas.edu,3
c500-064.stampede2.tacc.utexas.edu,1
c500-071.stampede2.tacc.utexas.edu,1
c500-074.stampede2.tacc.utexas.edu,1
c500-091.stampede2.tacc.utexas.edu,1
c500-092.stampede2.tacc.utexas.edu,1
c500-093.stampede2.tacc.utexas.edu,1
c500-094.stampede2.tacc.utexas.edu,1
c500-113.stampede2.tacc.utexas.edu,1
c500-114.stampede2.tacc.utexas.edu,2
c500-121.stampede2.tacc.utexas.edu,2
c500-122.stampede2.tacc.utexas.edu,1
c500-123.stampede2.tacc.utexas.edu,2
c500-131.stampede2.tacc.utexas.edu,1
c500-132.stampede2.tacc.utexas.edu,1
c500-133.stampede2.tacc.utexas.edu,3
c501-003.stampede2.tacc.utexas.edu,2
c501-004.stampede2.tacc.utexas.edu,2
c501-012.stampede2.tacc.utexas.edu,1
c501-013.stampede2.tacc.utexas.edu,1
c501-014.stampede2.tacc.utexas.edu,1
c501-022.stampede2.tacc.utexas.edu,2
c501-024.stampede2.tacc.utexas.edu,2
c501-031.stampede2.tacc.utexas.edu,1
c501-034.stampede2.tacc.utexas.edu,2
c501-044.stampede2.tacc.utexas.edu,2
c501-051.stampede2.tacc.utexas.edu,2
c501-053.stampede2.tacc.utexas.edu,1
c501-062.stampede2.tacc.utexas.edu,2
c501-063.stampede2.tacc.utexas.edu,1
c501-064.stampede2.tacc.utexas.edu,2
c501-071.stampede2.tacc.utexas.edu,2
c501-072.stampede2.tacc.utexas.edu,2
c501-081.stampede2.tacc.utexas.edu,3
c501-084.stampede2.tacc.utexas.edu,1
c501-092.stampede2.tacc.utexas.edu,1
c501-103.stampede2.tacc.utexas.edu,1
c501-113.stampede2.tacc.utexas.edu,1
c501-114.stampede2.tacc.utexas.edu,2
c501-122.stampede2.tacc.utexas.edu,2
c501-131.stampede2.tacc.utexas.edu,1
c501-133.stampede2.tacc.utexas.edu,2
c501-134.stampede2.tacc.utexas.edu,2
c502-002.stampede2.tacc.utexas.edu,1
c502-004.stampede2.tacc.utexas.edu,1
c502-011.stampede2.tacc.utexas.edu,1
c502-012.stampede2.tacc.utexas.edu,1
c502-024.stampede2.tacc.utexas.edu,1
c502-032.stampede2.tacc.utexas.edu,1
c502-034.stampede2.tacc.utexas.edu,2
c502-041.stampede2.tacc.utexas.edu,7
c502-042.stampede2.tacc.utexas.edu,2
c502-043.stampede2.tacc.utexas.edu,1
c502-063.stampede2.tacc.utexas.edu,3
c502-072.stampede2.tacc.utexas.edu,1
c502-073.stampede2.tacc.utexas.edu,1
c502-074.stampede2.tacc.utexas.edu,2
c502-084.stampede2.tacc.utexas.edu,2
c502-091.stampede2.tacc.utexas.edu,1
c502-103.stampede2.tacc.utexas.edu,1
c502-123.stampede2.tacc.utexas.edu,1
c502-124.stampede2.tacc.utexas.edu,1
c502-133.stampede2.tacc.utexas.edu,1
c502-134.stampede2.tacc.utexas.edu,1
c503-001.stampede2.tacc.utexas.edu,1
c503-002.stampede2.tacc.utexas.edu,1
c503-004.stampede2.tacc.utexas.edu,1
c503-014.stampede2.tacc.utexas.edu,1
c503-021.stampede2.tacc.utexas.edu,1
c503-022.stampede2.tacc.utexas.edu,2
c503-023.stampede2.tacc.utexas.edu,1
c503-024.stampede2.tacc.utexas.edu,1
c503-031.stampede2.tacc.utexas.edu,1
c503-034.stampede2.tacc.utexas.edu,2
c503-042.stampede2.tacc.utexas.edu,1
c503-043.stampede2.tacc.utexas.edu,2
c503-051.stampede2.tacc.utexas.edu,1
c503-053.stampede2.tacc.utexas.edu,1
c503-054.stampede2.tacc.utexas.edu,1
c503-073.stampede2.tacc.utexas.edu,4
c503-082.stampede2.tacc.utexas.edu,2
c503-083.stampede2.tacc.utexas.edu,1
c503-084.stampede2.tacc.utexas.edu,1
c503-091.stampede2.tacc.utexas.edu,1
c503-092.stampede2.tacc.utexas.edu,2
c503-104.stampede2.tacc.utexas.edu,1
c503-111.stampede2.tacc.utexas.edu,1
c503-112.stampede2.tacc.utexas.edu,1
c503-113.stampede2.tacc.utexas.edu,1
c503-123.stampede2.tacc.utexas.edu,1
c504-021.stampede2.tacc.utexas.edu,2
c504-024.stampede2.tacc.utexas.edu,3
c504-034.stampede2.tacc.utexas.edu,1
c504-042.stampede2.tacc.utexas.edu,2
c504-051.stampede2.tacc.utexas.edu,1
c504-052.stampede2.tacc.utexas.edu,1
c504-053.stampede2.tacc.utexas.edu,1
c504-062.stampede2.tacc.utexas.edu,1
c504-081.stampede2.tacc.utexas.edu,3
c504-083.stampede2.tacc.utexas.edu,3
c504-084.stampede2.tacc.utexas.edu,1
c504-091.stampede2.tacc.utexas.edu,1
c504-092.stampede2.tacc.utexas.edu,3
c504-093.stampede2.tacc.utexas.edu,1
c504-094.stampede2.tacc.utexas.edu,1
c504-111.stampede2.tacc.utexas.edu,2
c504-112.stampede2.tacc.utexas.edu,1
c504-113.stampede2.tacc.utexas.edu,1
c504-114.stampede2.tacc.utexas.edu,1
c504-121.stampede2.tacc.utexas.edu,1
c504-123.stampede2.tacc.utexas.edu,3
c504-124.stampede2.tacc.utexas.edu,1
c504-132.stampede2.tacc.utexas.edu,2
c504-134.stampede2.tacc.utexas.edu,2
c505-001.stampede2.tacc.utexas.edu,2
c505-004.stampede2.tacc.utexas.edu,1
c505-012.stampede2.tacc.utexas.edu,1
c505-013.stampede2.tacc.utexas.edu,1
c505-022.stampede2.tacc.utexas.edu,1
c505-024.stampede2.tacc.utexas.edu,2
c505-031.stampede2.tacc.utexas.edu,2
c505-032.stampede2.tacc.utexas.edu,1
c505-033.stampede2.tacc.utexas.edu,1
c505-041.stampede2.tacc.utexas.edu,1
c505-051.stampede2.tacc.utexas.edu,1
c505-053.stampede2.tacc.utexas.edu,1
c505-064.stampede2.tacc.utexas.edu,1
c505-071.stampede2.tacc.utexas.edu,1
c505-072.stampede2.tacc.utexas.edu,1
c505-073.stampede2.tacc.utexas.edu,2
c505-094.stampede2.tacc.utexas.edu,1
c505-101.stampede2.tacc.utexas.edu,1
c505-104.stampede2.tacc.utexas.edu,1
c505-111.stampede2.tacc.utexas.edu,1
c505-112.stampede2.tacc.utexas.edu,1
c505-113.stampede2.tacc.utexas.edu,1
c505-114.stampede2.tacc.utexas.edu,1
c505-121.stampede2.tacc.utexas.edu,1
c505-134.stampede2.tacc.utexas.edu,1
c506-071.stampede2.tacc.utexas.edu,16
c506-072.stampede2.tacc.utexas.edu,16
c506-073.stampede2.tacc.utexas.edu,15
c506-074.stampede2.tacc.utexas.edu,16
c506-081.stampede2.tacc.utexas.edu,12
c506-082.stampede2.tacc.utexas.edu,13
c506-083.stampede2.tacc.utexas.edu,12
c506-084.stampede2.tacc.utexas.edu,14
c506-091.stampede2.tacc.utexas.edu,13
c506-092.stampede2.tacc.utexas.edu,13
c506-093.stampede2.tacc.utexas.edu,15
c506-094.stampede2.tacc.utexas.edu,16
c506-101.stampede2.tacc.utexas.edu,16
c506-102.stampede2.tacc.utexas.edu,12
c506-103.stampede2.tacc.utexas.edu,9
c506-104.stampede2.tacc.utexas.edu,11
c506-111.stampede2.tacc.utexas.edu,12
c506-112.stampede2.tacc.utexas.edu,15
c506-113.stampede2.tacc.utexas.edu,10
c506-114.stampede2.tacc.utexas.edu,14
c506-121.stampede2.tacc.utexas.edu,15
c506-122.stampede2.tacc.utexas.edu,13
c506-123.stampede2.tacc.utexas.edu,8
c506-124.stampede2.tacc.utexas.edu,14
c506-131.stampede2.tacc.utexas.edu,10
c506-132.stampede2.tacc.utexas.edu,13
c506-133.stampede2.tacc.utexas.edu,13
c506-134.stampede2.tacc.utexas.edu,15
cinvestav,1123
csiu.grid.iu.edu,94
fnal.gov,5
isi.edu,1
login.usatlas.org,1
osgconnect,106
pic,5440
ruc.ciconnect@uct2-gk.mwt2.org/condor,58
ruc.mwt2@iut2-gk.mwt2.org/condor,19
ruc.mwt2@uct2-gk.mwt2.org/condor,59
rutgers-cms,507
scott.grid.uchicago.edu,40
stash-worker-el7-1.grid.uchicago.edu,2
stash-worker-el7-2.grid.uchicago.edu,4
xd-login.opensciencegrid.org,3
